{"cameraMode":{"drawMode":0,"name":"Shaded","section":"Shading Mode"},"sceneLighting":false,"audioPlay":false,"sceneViewState":{"showFog":true,"showMaterialUpdate":false,"showSkybox":false,"showFlares":true,"showImageEffects":true,"showParticleSystems":true,"showVisualEffectGraphs":true,"m_FxEnabled":true},"in2DMode":false,"pivot":{"x":-0.11806464195251465,"y":-0.1008758544921875,"z":-0.12099194526672363},"rotation":{"x":-0.3268052339553833,"y":-0.08176859468221665,"z":0.028422141447663308,"w":-0.9411739110946655},"size":6.389883518218994,"orthographic":false}