{"cameraMode":{"drawMode":0,"name":"Shaded","section":"Shading Mode"},"sceneLighting":false,"audioPlay":false,"sceneViewState":{"showFog":true,"showMaterialUpdate":false,"showSkybox":false,"showFlares":true,"showImageEffects":true,"showParticleSystems":true,"showVisualEffectGraphs":true,"m_FxEnabled":true},"in2DMode":false,"pivot":{"x":-0.07101381570100784,"y":-0.2993442416191101,"z":0.4942815601825714},"rotation":{"x":0.2423611283302307,"y":0.02376430667936802,"z":-0.005614148452877998,"w":0.9699554443359375},"size":0.8042513728141785,"orthographic":false}