{"cameraMode":{"drawMode":0,"name":"Shaded","section":"Shading Mode"},"sceneLighting":false,"audioPlay":false,"sceneViewState":{"showFog":true,"showMaterialUpdate":false,"showSkybox":false,"showFlares":true,"showImageEffects":true,"showParticleSystems":true,"showVisualEffectGraphs":true,"m_FxEnabled":true},"in2DMode":false,"pivot":{"x":-0.5524283051490784,"y":0.22586214542388917,"z":0.01339971087872982},"rotation":{"x":0.08202146738767624,"y":-0.7006034851074219,"z":0.0818781927227974,"w":0.7041717767715454},"size":0.9889141917228699,"orthographic":false}