{"cameraMode":{"drawMode":0,"name":"Shaded","section":"Shading Mode"},"sceneLighting":false,"audioPlay":false,"sceneViewState":{"showFog":true,"showMaterialUpdate":false,"showSkybox":false,"showFlares":true,"showImageEffects":true,"showParticleSystems":true,"showVisualEffectGraphs":true,"m_FxEnabled":true},"in2DMode":false,"pivot":{"x":0.07274342328310013,"y":-0.583665668964386,"z":1.269325852394104},"rotation":{"x":0.18351300060749055,"y":-0.002204876858741045,"z":0.0006116742733865976,"w":0.9830813407897949},"size":1.2879233360290528,"orthographic":false}